ear,closed_frames,drowsy,time_of_day,speed,risk
0.2249080237694725,28,1,0,2,1
0.30593820005455385,20,0,0,1,0
0.1811989040672405,10,0,0,0,0
0.2702230023486417,23,0,0,1,0
0.16128231580542005,23,1,1,1,1
0.19246782213565522,20,1,0,1,1
0.25495128632644753,24,0,0,2,1
0.27237057894447586,27,0,1,2,1
0.24121399684340716,2,0,0,2,1
0.2860615077175559,8,0,0,1,0
0.33977710745066664,13,0,1,1,0
0.21092275383467413,1,0,1,2,1
0.28665270376509167,7,0,0,2,1
0.3318640804157564,35,0,1,1,0
0.23503117489824893,3,0,1,0,0
0.3439169255529117,25,0,1,1,0
0.22903004720036288,35,1,1,2,2
0.33437484700462333,7,0,1,2,1
0.2541668520051647,39,0,0,0,0
0.20426980635477918,23,1,1,0,1
0.20618690193747613,28,1,0,0,1
0.16491012873595415,6,0,0,0,0
0.18974313630683448,23,1,0,2,1
0.18976848081776101,7,0,0,2,1
0.3042540693371891,4,0,1,2,1
0.2802154051003889,27,0,0,0,0
0.2746596253655116,33,0,0,2,1
0.21219646434313244,23,1,0,2,1
0.2682595575415454,21,0,0,2,1
0.24444298503238984,36,0,0,1,0
0.31978276485321677,4,0,1,2,1
0.3041934359909122,38,0,0,0,0
0.29213257793715747,25,0,1,0,0
0.19034384046707922,31,1,0,0,1
0.21287119621526532,31,1,1,1,1
0.17786629088117512,38,1,0,2,1
0.30111022770860973,35,0,0,2,1
0.2079502905827536,21,1,1,1,1
0.27487080962675864,5,0,1,1,0
0.32665605178377366,27,0,0,2,1
0.3313656883091508,0,0,0,2,1
0.23542155772525125,12,0,0,2,1
0.15139042610623812,7,0,0,0,0
0.2469659942717966,32,0,0,1,0
0.21752303428072559,14,0,0,1,0
0.19375284391461403,23,1,0,0,1
0.16297844942179632,11,0,1,2,1
0.2494497011784771,36,0,0,0,0
0.20335620285505698,1,0,1,1,0
0.15661014658010966,31,1,0,0,1
0.19791237813339446,1,0,0,1,0
0.3471300908221201,31,0,0,2,1
0.3023239230657435,16,0,0,1,0
0.22355662654385064,33,1,1,1,1
0.25715493681495166,15,0,0,0,0
0.21415601299434717,5,0,1,0,0
0.32167176096274397,35,0,0,1,0
0.2524186116598562,18,0,1,2,1
0.18487328580099827,32,1,1,2,2
0.33734599774734686,0,0,0,0,0
0.1726947042481178,22,1,0,1,1
0.2891568798690164,6,0,1,1,0
0.3464336686658871,1,0,0,1,0
0.32944315159066534,36,0,1,2,1
0.18774142166827587,34,1,0,2,1
0.32126485837561847,32,0,1,2,1
0.3371269988441895,35,0,1,1,0
0.15183941032332593,24,1,0,0,1
0.15101231676924373,17,1,1,1,1
0.23968482859724943,35,0,0,0,0
0.2487787430366869,19,0,1,2,1
0.29418798485042585,32,0,1,2,1
0.2235431606118867,21,1,1,1,1
0.3446021109504891,7,0,0,2,1
0.30896226070832966,29,0,0,2,1
0.24850353876377276,4,0,1,0,0
0.24983867597695045,3,0,0,0,0
0.15872075435088676,27,1,1,0,1
0.20591206835935172,5,0,0,0,0
0.3406143694047906,28,0,0,1,0
0.3433309638087339,34,0,1,0,0
0.16506925120122565,20,1,1,2,2
0.20369497137803136,2,0,1,1,0
0.26136025249167,30,0,1,1,0
0.33600336696216637,23,0,1,2,1
0.3480107700208526,1,0,0,2,1
0.20905811768378774,25,1,0,0,1
0.17732426628840575,38,1,0,1,1
0.3118722310957027,34,0,1,0,0
0.2723027421731361,6,0,0,0,0
0.18885479070240843,7,0,1,1,0
0.3091585338872202,11,0,0,2,1
0.15552335437474094,33,1,1,2,2
0.28440522705903987,24,0,1,2,1
0.3463681776621062,21,0,1,1,0
0.15610004998780988,5,0,0,1,0
0.25741648543933104,36,0,0,0,0
0.20430858316394837,4,0,0,1,0
0.16033634423372153,29,1,0,2,1
0.27748598029964133,15,0,0,1,0
0.25326006966023906,29,0,0,0,0
0.2297641802889589,18,1,1,1,1
0.16569127626845317,36,1,1,0,1
0.16617459332343953,8,0,1,0,0
0.16163871910168873,0,0,0,1,0
0.19795747183148063,24,1,1,0,1
0.20598677938918855,15,0,0,2,1
0.28142226570003337,4,0,1,0,0
0.23392001248555797,11,0,1,2,1
0.30156922209287385,28,0,1,0,0
0.16883139765371202,29,1,1,1,1
0.29073157187600474,11,0,1,1,0
0.3026728846007822,20,0,0,0,0
0.24293476258792226,36,0,0,1,0
0.2731700196104433,4,0,1,1,0
0.20217872466834277,9,0,1,2,1
0.2506272517160175,0,0,1,0,0
0.2867927538796282,15,0,1,2,1
0.33885031942503346,27,0,1,2,1
0.31018985893647993,11,0,1,2,1
0.2786576436884706,32,0,0,2,1
0.314127895148791,11,0,0,0,0
0.34223811276478283,9,0,0,0,0
0.1638722601750331,30,1,1,1,1
0.15779262646204673,34,1,0,0,1
0.28114452707614845,28,0,1,1,0
0.15465438714716517,33,1,0,0,1
0.2492074908586812,10,0,0,0,0
0.3106961860769697,35,0,1,0,0
0.30012295032817166,34,0,0,2,1
0.2325235353822853,17,0,0,2,1
0.26610880246878194,22,0,1,0,0
0.19771937195806802,12,0,0,0,0
0.19764723048079588,29,1,0,0,1
0.2510504744895714,24,0,1,0,0
0.3291046456992401,35,0,1,0,0
0.3310763952838527,11,0,0,2,1
0.34136017702529126,30,0,1,2,1
0.24860513155436098,15,0,0,0,0
0.2086421543396129,24,1,1,2,2
0.19254557900484578,22,1,1,0,1
0.1726929204034896,38,1,1,2,2
0.16117423093547,34,1,0,0,1
0.22018300251041573,17,1,0,0,1
0.3023021263434944,16,0,0,1,0
0.16682136122299948,12,0,1,1,0
0.22933032039085036,26,1,1,1,1
0.16626975612837994,36,1,1,2,2
0.26626108344535643,0,0,1,0,0
0.3394497154767717,24,0,0,1,0
0.29163623911663994,18,0,0,1,0
0.291016872859332,9,0,1,2,1
0.17223949646123027,2,0,0,0,0
0.23104041735628342,19,0,1,0,0
0.3145580703753386,38,0,0,2,1
0.2666737530194319,24,0,1,0,0
0.19471916770389053,5,0,1,0,0
0.3439757653415278,20,0,1,1,0
0.33492866604471916,36,0,1,2,1
0.2890822246213295,17,0,0,0,0
0.19336182131729823,14,0,0,0,0
0.2755116160168127,2,0,1,2,1
0.15908927606829157,11,0,1,1,0
0.24113135055714258,27,0,0,1,0
0.18762423194475225,25,1,1,1,1
0.1958789491409899,27,1,1,0,1
0.3448789615332333,26,0,1,2,1
0.25721927326882404,32,0,0,0,0
0.28694623451077583,28,0,0,1,0
0.1652400759198326,5,0,1,2,1
0.295143901677672,24,0,1,1,0
0.33654569667080264,4,0,0,0,0
0.3055204567470451,17,0,1,2,1
0.18008337822070564,20,1,1,2,2
0.2285978897957718,26,1,0,0,1
0.16270236591800027,34,1,0,0,1
0.15273439296539945,5,0,1,0,0
0.2568692550058926,4,0,1,2,1
0.2610863411205255,36,0,0,0,0
0.30141624040849113,18,0,0,0,0
0.2401088270620187,0,0,0,0,0
0.271234926890176,0,0,0,1,0
0.2216325436065681,7,0,0,1,0
0.24963303732917858,2,0,0,1,0
0.320436300063708,4,0,1,1,0
0.3083635678939266,16,0,1,2,1
0.15575653526266778,14,0,0,0,0
0.2778722713948485,10,0,0,2,1
0.17727429511735393,33,1,1,1,1
0.2679835373709266,29,0,0,2,1
0.16820041821026605,33,1,1,0,1
0.25279789783196216,23,0,0,1,0
0.27441734004557466,16,0,0,0,0
0.17941469618580758,16,1,1,0,1
0.20164887765979167,23,1,0,1,1
0.27416113688441823,1,0,0,1,0
0.2766801708633452,10,0,0,2,1
0.17577594438212985,15,0,0,2,1
0.17776543452988203,7,0,1,0,0
0.32935768198120235,2,0,0,0,0
0.34462206985402083,18,0,0,0,0
0.21901652556447734,21,1,0,1,1
0.17412717422012014,11,0,1,1,0
0.2228539722096151,13,0,1,0,0
0.2143165529360058,25,1,0,2,1
0.2755800778981815,29,0,0,2,1
0.2254571930484145,16,1,1,0,1
0.16690340153613636,34,1,0,2,1
0.2573181291974665,21,0,1,1,0
0.3019910817875171,13,0,1,1,0
0.2994941876267513,13,0,0,2,1
0.2926699171769105,22,0,1,2,1
0.2564226970530631,17,0,1,1,0
0.2565234532910046,14,0,1,0,0
0.29748104121876384,27,0,1,2,1
0.21441583311663565,38,1,1,1,1
0.2570671128031047,24,0,0,0,0
0.2687184907108097,3,0,1,2,1
0.2797645680583152,17,0,0,2,1
0.29736449507898255,7,0,1,0,0
0.26289170850452825,36,0,1,1,0
0.27151104445871455,5,0,0,0,0
0.1974453583471989,21,1,0,1,1
0.22307136393481153,3,0,1,2,1
0.16757752490802877,29,1,0,2,1
0.3184628070596363,2,0,0,2,1
0.23207936539793228,35,0,1,2,1
0.3293220525948041,19,0,1,2,1
0.32310142517879603,5,0,1,0,0
0.24814975585175686,37,0,0,1,0
0.3358751978255171,14,0,0,1,0
0.20599581873205683,4,0,1,1,0
0.2147358472808487,18,1,1,0,1
0.2972494367396976,11,0,0,0,0
0.2721240084883265,37,0,0,1,0
0.18087254305484046,35,1,0,2,1
0.2687766195115797,5,0,1,1,0
0.2597206235876306,9,0,1,1,0
0.21447076899494458,1,0,1,0,0
0.17776495468840406,8,0,0,0,0
0.2691277481215688,23,0,1,2,1
0.30885788999329244,30,0,0,0,0
0.3161238815575458,13,0,0,2,1
0.33766809136420756,11,0,0,2,1
0.3352898847179422,21,0,1,0,0
0.17795447532525788,36,1,1,1,1
0.3150265353385594,36,0,0,2,1
0.28303944413924,25,0,1,0,0
0.32544010816262164,24,0,1,2,1
0.29275649097106515,31,0,0,0,0
0.2102755748328284,22,1,0,2,1
0.2654972541812251,16,0,0,2,1
0.22677824427464227,13,0,0,2,1
0.25856986212268174,5,0,1,2,1
0.27554161061428356,7,0,1,2,1
0.3257258230746876,32,0,1,1,0
0.32877851661019153,35,0,0,1,0
0.30048062400776454,36,0,0,2,1
0.17862559710969392,3,0,1,1,0
0.3024917371481381,9,0,0,1,0
0.3142514609344026,30,0,0,0,0
0.17549773246639647,14,0,0,0,0
0.24727149639912155,3,0,1,0,0
0.29400730730921487,30,0,0,2,1
0.26310166946459473,25,0,0,2,1
0.21913919870078388,10,0,1,1,0
0.21850485143570866,5,0,1,2,1
0.2424011607288265,11,0,1,0,0
0.17782323882861237,17,1,0,0,1
0.1536220367641681,11,0,1,0,0
0.3344998762354591,7,0,0,1,0
0.3042493337039476,30,0,1,0,0
0.2348261342604772,28,0,1,0,0
0.33511370258135526,22,0,0,1,0
0.19718120691901622,25,1,1,1,1
0.3174981578004984,0,0,0,1,0
0.2537676114252144,39,0,0,0,0
0.22586113967710975,8,0,1,0,0
0.15092640460092058,34,1,0,0,1
0.32270362812259135,37,0,1,2,1
0.21939064037924552,33,1,0,0,1
0.26741364482731345,23,0,0,2,1
0.18310266348559476,23,1,0,0,1
0.3060991415092175,21,0,1,1,0
0.2827074744033421,6,0,0,0,0
0.17973254555062257,21,1,1,2,2
0.34937485036918947,6,0,0,0,0
0.22946362309151958,18,1,1,1,1
0.18813754413273331,28,1,1,2,2
0.16314172788567047,13,0,0,2,1
0.25552954602895717,27,0,0,1,0
0.24940238976424978,3,0,0,0,0
0.16510067276077783,2,0,1,1,0
0.20414893462871075,33,1,1,0,1
0.15507727113206896,27,1,1,1,1
0.32339875200230467,7,0,0,0,0
0.19439443238658988,23,1,0,2,1
0.25110157582120674,7,0,1,0,0
0.30998321707463783,2,0,0,0,0
0.2613443169566732,7,0,1,2,1
0.1986344381998908,13,0,1,1,0
0.3160439729133983,3,0,1,0,0
0.1782163697555427,13,0,0,2,1
0.32926716370422393,6,0,1,2,1
0.2971809226392005,20,0,0,0,0
0.32528881517505875,28,0,1,1,0
0.32853434221539496,4,0,1,2,1
0.20188468668625847,1,0,0,2,1
0.15684562216410583,19,1,0,0,1
0.23188233043824807,29,0,0,1,0
0.3222136039949443,34,0,1,1,0
0.30272115883195216,23,0,0,1,0
0.2631553239933121,22,0,1,0,0
0.24695567343006922,16,0,1,0,0
0.25832684293217334,24,0,0,0,0
0.1778712148145648,3,0,1,1,0
0.3301144602472771,33,0,0,0,0
0.15367813530949334,17,1,1,0,1
0.3130108856804914,37,0,1,0,0
0.23104961760553774,37,0,1,2,1
0.17131574602573485,21,1,0,2,1
0.330003728369621,5,0,0,1,0
0.27010337208673063,6,0,1,0,0
0.31762139263565914,20,0,1,1,0
0.2537835410565675,1,0,1,1,0
0.29760672328527404,35,0,0,1,0
0.16364994107081832,10,0,1,2,1
0.22113454329298982,38,1,1,2,2
0.3398613594115531,23,0,1,1,0
0.29651441944205004,32,0,1,2,1
0.202452808859965,34,1,1,2,2
0.31928156986291145,33,0,0,1,0
0.2448474617400739,8,0,0,0,0
0.23255871012135043,39,0,1,0,0
0.19928040664782135,2,0,1,0,0
0.15046787812515564,29,1,1,1,1
0.17061874920274897,36,1,1,2,2
0.3334627150924485,16,0,1,0,0
0.23920115459159114,11,0,1,2,1
0.2964449772819122,20,0,0,2,1
0.29482066585462774,15,0,1,0,0
0.33067276252720496,11,0,0,2,1
0.3475336015993294,25,0,0,1,0
0.2676527513939862,16,0,0,1,0
0.26358904611052586,6,0,1,2,1
0.289484053449368,8,0,0,1,0
0.2343525319461025,28,0,1,2,1
0.32240853019786264,38,0,0,1,0
0.2544869152142338,38,0,0,1,0
0.2692539756964106,34,0,1,0,0
0.16539064032584183,36,1,0,1,1
0.2949533543057523,38,0,0,0,0
0.2576802980761575,21,0,0,0,0
0.2751782752874018,15,0,0,1,0
0.32533307557248986,1,0,0,2,1
0.32401977478018595,29,0,0,2,1
0.18709458191534448,17,1,1,2,2
0.1640059411494942,28,1,1,0,1
0.2303861827218484,15,0,1,2,1
0.2296574767951271,29,1,0,2,1
0.234271400455414,4,0,0,1,0
0.15066927240859584,13,0,1,1,0
0.32056436433838026,17,0,1,0,0
0.15841863792727237,0,0,0,1,0
0.15902013544406463,14,0,0,0,0
0.28592945653861396,11,0,0,1,0
0.30959786442867665,36,0,0,1,0
0.3464661030160163,23,0,0,1,0
0.2726822778421415,24,0,0,2,1
0.23031604728509747,28,0,0,1,0
0.2715473589757718,9,0,0,1,0
0.2268181222982499,2,0,1,1,0
0.31015393742597497,22,0,0,0,0
0.3355504566390426,34,0,1,1,0
0.2892041236107584,23,0,0,2,1
0.1948881143673321,24,1,0,1,1
0.3220253632835847,10,0,0,2,1
0.20459187497126297,28,1,0,2,1
0.34113029964595065,11,0,1,0,0
0.21581027307397418,24,1,0,2,1
0.167397351982282,23,1,1,2,2
0.15101642796360518,4,0,1,1,0
0.2565205038801524,36,0,1,0,0
0.3288959861936135,12,0,0,1,0
0.24902930540279483,31,0,1,0,0
0.331302743888916,2,0,1,1,0
0.2587557815994798,12,0,0,0,0
0.3257259972710316,18,0,1,0,0
0.18146813194050518,12,0,0,0,0
0.2894942923338567,35,0,0,2,1
0.30054332791152827,6,0,0,2,1
0.34226305763698145,30,0,0,1,0
0.17577397349468904,29,1,0,2,1
0.1502240222960219,1,0,1,0,0
0.25149354675216723,38,0,1,0,0
0.2733853836751484,16,0,1,2,1
0.22533907239735973,23,1,0,2,1
0.17568974361863826,18,1,1,2,2
0.25825331573522203,31,0,1,2,1
0.2284302422890393,14,0,1,0,0
0.17050194559813583,3,0,1,1,0
0.33945957765126755,16,0,1,1,0
0.29171440092052586,0,0,1,1,0
0.1649388835515708,17,1,1,1,1
0.3446977938354794,28,0,1,2,1
0.1760172480261264,11,0,0,0,0
0.15442471030579943,5,0,0,2,1
0.3137571286714187,10,0,1,2,1
0.23918054127534966,33,0,0,0,0
0.1704387239387438,38,1,0,2,1
0.3151841531599793,10,0,1,1,0
0.30456455600336085,19,0,1,2,1
0.20465190539964184,16,1,1,0,1
0.33872318403351975,15,0,0,2,1
0.3429040944540417,18,0,0,0,0
0.34679552959196563,0,0,1,1,0
0.19599092117821723,34,1,1,0,1
0.28033336507517703,11,0,1,2,1
0.24430649202050253,26,0,1,1,0
0.19074024985525484,28,1,0,2,1
0.24073872692105652,6,0,0,0,0
0.1762489755364775,23,1,1,1,1
0.2733300629041476,14,0,0,1,0
0.1734616377924789,16,1,1,0,1
0.19010494534006733,21,1,1,0,1
0.20379868088701952,23,1,1,2,2
0.34687028148058074,16,0,1,0,0
0.16448937755891177,17,1,1,2,2
0.27000410962386073,31,0,0,0,0
0.30141185352224464,37,0,0,2,1
0.2461013894515658,23,0,0,0,0
0.17055848089853312,31,1,0,1,1
0.2736311468636238,19,0,0,1,0
0.3051609471585912,32,0,1,0,0
0.16757329982896665,12,0,1,0,0
0.31490280937936677,25,0,1,2,1
0.17654315080861205,38,1,1,1,1
0.28863878816453614,14,0,1,1,0
0.18349651645181395,39,1,0,0,1
0.2912951452973802,5,0,0,1,0
0.2733209163724948,30,0,1,0,0
0.2918121038901833,7,0,1,1,0
0.2750609320427896,19,0,1,2,1
0.31296502274930244,6,0,0,1,0
0.3134595539924987,25,0,0,2,1
0.15815082121849455,13,0,0,1,0
0.16207041679811277,22,1,1,0,1
0.24585578571525746,18,0,0,1,0
0.21737915835422136,7,0,0,2,1
0.23673106679127776,31,0,0,1,0
0.15417222785830761,18,1,1,0,1
0.34926678321134835,2,0,1,1,0
0.23065227222476636,28,0,1,2,1
0.19071565606844854,6,0,1,0,0
0.3236545010816761,30,0,1,0,0
0.31924905840380985,36,0,1,1,0
0.34752991274721157,23,0,1,0,0
0.25279917356174497,35,0,1,0,0
0.22910303396980303,35,1,1,2,2
0.33014037280225167,5,0,0,1,0
0.34842666326813443,11,0,0,0,0
0.24316256140404968,20,0,0,0,0
0.17631353702545194,7,0,1,1,0
0.18593662177404838,13,0,1,1,0
0.18619539054189793,4,0,1,0,0
0.2374330777633653,13,0,1,2,1
0.22184667387995313,1,0,0,1,0
0.28042464910608755,24,0,0,1,0
0.32159725078454116,4,0,0,0,0
0.30469462513732015,35,0,0,2,1
0.24075790827672783,10,0,1,2,1
0.2384048747565715,15,0,1,0,0
0.21740063528625725,29,1,0,0,1
0.23988676704274753,7,0,0,0,0
0.20050555641508383,19,1,1,0,1
0.27110763152897654,36,0,1,0,0
0.30635806596900583,27,0,0,2,1
0.26162804991877253,19,0,1,1,0
0.16141737121786295,36,1,1,1,1
0.15786870813370193,34,1,1,0,1
0.336775003505581,4,0,0,0,0
0.26693414008851774,11,0,1,0,0
0.24597941631841463,33,0,0,1,0
0.34461954961406926,38,0,0,2,1
0.2543460093272426,22,0,1,1,0
0.17793025095126258,15,0,1,1,0
0.2965797836682683,7,0,1,0,0
0.16878014315788367,7,0,0,1,0
0.3236284508755011,21,0,0,1,0
0.28232647007422934,25,0,0,1,0
0.15350319817241245,17,1,0,1,1
0.32378099689574363,39,0,0,2,1
0.33618973910139555,3,0,0,0,0
0.19313503047954342,15,0,1,0,0
0.28339430339818145,25,0,1,1,0
0.3498827451541333,5,0,0,0,0
0.3232877335055291,24,0,1,0,0
0.3064770968116547,12,0,0,0,0
0.17182192635314994,33,1,0,1,1
0.21540663231264773,37,1,0,1,1
0.3302751299176888,12,0,0,2,1
0.2371166629625866,10,0,0,1,0
0.2588978195921699,24,0,0,2,1
0.27604174966582884,6,0,0,0,0
0.22608394084655953,28,1,0,0,1
0.19750882617486548,34,1,1,1,1
0.16463918475368872,34,1,1,1,1
0.2785151937894379,1,0,1,0,0
0.22595715603584596,25,1,1,1,1
0.24583637552594617,28,0,1,0,0
0.2260391237571714,33,1,1,0,1
0.19921393175959964,35,1,0,2,1
0.30297665230842563,5,0,1,1,0
0.2930981814198549,20,0,0,2,1
0.15151257499562842,14,0,0,2,1
0.22601490178744105,3,0,0,0,0
0.22032453744792688,33,1,1,0,1
0.2734703514825948,26,0,0,2,1
0.256452042667808,7,0,1,1,0
0.27206675666218366,17,0,1,0,0
0.34534504773251573,25,0,0,1,0
0.18622986990693605,30,1,1,1,1
0.3099562190848043,30,0,0,2,1
0.17137538461894875,35,1,1,1,1
0.3111985099550316,0,0,1,0,0
0.27663027511880445,12,0,0,1,0
0.313837771885358,21,0,1,0,0
0.30874877007610324,14,0,1,1,0
0.22215450382211996,7,0,1,0,0
0.1973741117948964,36,1,1,1,1
0.2963916135171269,35,0,1,2,1
0.28350997985829407,17,0,0,1,0
0.2403535357474458,4,0,0,0,0
0.2973747489888364,33,0,0,2,1
0.25707162036853215,21,0,1,0,0
0.2783943000886532,27,0,0,2,1
0.19638941922319508,13,0,0,0,0
0.16169092282171077,24,1,1,2,2
0.26940938337913833,17,0,0,1,0
0.23563992298512293,38,0,0,0,0
0.15316421835311647,23,1,1,1,1
0.17082192987683326,25,1,1,1,1
0.33110495846593474,35,0,1,0,0
0.32883817493282363,2,0,0,0,0
0.1953312804453976,38,1,1,0,1
0.25381195818165403,1,0,1,0,0
0.16398632114188683,31,1,0,1,1
0.2685623983306845,2,0,1,0,0
0.24137172897607373,21,0,1,1,0
0.3488278722442335,1,0,1,0,0
0.3490960981408514,22,0,1,1,0
0.26245936317558194,35,0,0,0,0
0.27699200911820665,15,0,1,1,0
0.2345378226792379,15,0,1,0,0
0.210170621670651,7,0,1,2,1
0.3354355638958905,22,0,1,2,1
0.18048320266608348,4,0,1,0,0
0.31840665887528424,20,0,1,1,0
0.20140945328641596,7,0,0,0,0
0.27169728253195824,11,0,1,1,0
0.16262180661583003,35,1,0,2,1
0.20262251398216857,1,0,0,0,0
0.2192643537178007,8,0,0,2,1
0.31505722164657934,22,0,1,1,0
0.25313588553929955,34,0,1,2,1
0.2649174764635533,36,0,1,1,0
0.25023059983640195,37,0,1,0,0
0.226124658695316,23,1,1,1,1
0.2942844134657463,2,0,1,2,1
0.21093582781960815,8,0,0,0,0
0.15457876499522405,26,1,1,2,2
0.2192199453075571,19,1,1,1,1
0.31449611272687217,24,0,0,1,0
0.2127455382388192,30,1,1,0,1
0.2712505875501955,2,0,0,0,0
0.31504015348311365,12,0,0,1,0
0.1636344618770987,33,1,1,0,1
0.196510271673076,11,0,1,0,0
0.3372898347767321,19,0,1,0,0
0.17113293685234876,5,0,1,0,0
0.15353756192265144,1,0,1,2,1
0.1804049706257296,4,0,0,1,0
0.24196008475386402,1,0,1,2,1
0.30085070886877263,30,0,1,2,1
0.3467357850526827,18,0,0,2,1
0.16492596286741634,27,1,1,1,1
0.17020916220212934,15,0,1,0,0
0.25188442562995794,38,0,1,0,0
0.19652910771253618,28,1,1,1,1
0.23521667677807429,36,0,1,2,1
0.23995692976426447,34,0,0,2,1
0.2328259505057854,13,0,0,0,0
0.22741575206712616,4,0,1,2,1
0.23323079963595228,26,0,0,1,0
0.3080675471720296,20,0,1,2,1
0.1774219411457998,38,1,0,0,1
0.21470007898229473,25,1,1,0,1
0.3451747509820107,17,0,0,0,0
0.15852664185740653,16,1,0,0,1
0.25959189779473857,20,0,1,2,1
0.1798475555900352,3,0,1,1,0
0.24520362587375327,28,0,1,0,0
0.2418893536811973,20,0,1,0,0
0.1766290008356194,16,1,1,0,1
0.3385662282826523,1,0,1,0,0
0.20587354278694325,39,1,0,2,1
0.24909042069219633,7,0,0,1,0
0.27733393643344145,14,0,0,2,1
0.2536816043890408,18,0,0,0,0
0.23865461748872363,7,0,0,0,0
0.2992414514963677,0,0,0,2,1
0.1642513455530517,23,1,0,0,1
0.25171585788951567,39,0,1,2,1
0.20930711625753104,10,0,1,2,1
0.33846307793463853,27,0,0,2,1
0.2324261860525543,4,0,1,1,0
0.30287453244434714,9,0,1,2,1
0.16643433349528547,27,1,0,2,1
0.30649698491278754,39,0,0,0,0
0.22638792793057916,2,0,0,1,0
0.20214265998398329,24,1,1,2,2
0.15839024468632726,9,0,0,2,1
0.3459940658717701,12,0,0,2,1
0.2541536283668425,31,0,1,1,0
0.17561914927324,14,0,0,1,0
0.19492312236877038,24,1,1,2,2
0.2600183880916312,24,0,1,1,0
0.20475826150282128,19,1,0,2,1
0.3273849800418539,20,0,0,1,0
0.3131893877937234,38,0,0,0,0
0.2588033158365503,20,0,0,1,0
0.24210789945482797,7,0,1,1,0
0.3052894892999449,31,0,0,1,0
0.3006374671826806,24,0,1,0,0
0.2955894353461486,1,0,0,0,0
0.2951959819970591,26,0,1,2,1
0.2476788260129879,22,0,1,0,0
0.2326832898590523,36,0,0,0,0
0.25167210938325596,18,0,0,0,0
0.1687513841291113,24,1,1,0,1
0.18201432699091458,15,0,1,0,0
0.29834241230258596,2,0,0,2,1
0.23029886317225765,33,0,0,0,0
0.26101698986045724,38,0,0,2,1
0.287576821975983,12,0,0,1,0
0.31960955822615433,11,0,0,1,0
0.19049611203304748,33,1,0,0,1
0.2856757645710284,15,0,0,2,1
0.21112084309804297,18,1,0,1,1
0.22366190610136966,3,0,1,1,0
0.3272391560930149,34,0,1,0,0
0.2826084009000984,39,0,0,0,0
0.15581427606879075,3,0,1,0,0
0.22753471895007882,16,1,0,2,1
0.24619457797722472,13,0,0,0,0
0.26599675748562623,3,0,1,1,0
0.2473195324487506,29,0,1,2,1
0.20396414402564286,18,1,0,2,1
0.16541165582686623,21,1,1,0,1
0.29918504176273486,37,0,0,2,1
0.31502613353322306,18,0,1,0,0
0.17949050534125677,32,1,1,2,2
0.19412239054224223,27,1,0,2,1
0.3496695022785899,32,0,0,1,0
0.2772354729416465,26,0,0,1,0
0.3482252863642607,10,0,0,0,0
0.34006255058611834,4,0,0,0,0
0.3459293430067767,2,0,0,2,1
0.15483835277827104,5,0,0,2,1
0.2097451147177546,18,1,1,2,2
0.23593136254778702,4,0,0,0,0
0.2461812001506139,20,0,1,0,0
0.2912038015328049,25,0,1,1,0
0.295587861394753,34,0,0,0,0
0.15140584076272381,30,1,1,0,1
0.3413229242166916,29,0,1,1,0
0.20643741493864,27,1,0,2,1
0.20512246773578907,13,0,1,1,0
0.20438994522572618,30,1,1,0,1
0.30534211139103623,8,0,0,2,1
0.1625306406910709,20,1,1,1,1
0.2322191205201413,6,0,1,2,1
0.19735686186227708,31,1,1,2,2
0.3426788868427101,14,0,1,2,1
0.2286895693127183,25,1,1,1,1
0.29616419299614594,20,0,1,0,0
0.2808349202948149,25,0,0,0,0
0.24278649733766722,24,0,0,0,0
0.18660308884694543,32,1,1,0,1
0.195063385990247,6,0,1,2,1
0.2590211056521399,23,0,0,0,0
0.322027938669887,38,0,1,0,0
0.2587076434685292,5,0,1,1,0
0.31938374561771193,9,0,0,0,0
0.33913962940005643,1,0,1,1,0
0.3223973816808544,38,0,1,2,1
0.25250052975406634,9,0,0,2,1
0.3072556398768066,31,0,0,0,0
0.18294127068645916,3,0,1,1,0
0.15358913571369837,39,1,0,2,1
0.3259163709903058,27,0,1,2,1
0.3393275908399214,39,0,1,1,0
0.26159614775652795,1,0,0,1,0
0.2187326385218206,32,1,1,2,2
0.1710947399913261,22,1,0,2,1
0.22608400150151245,18,1,0,2,1
0.189121854608903,11,0,1,0,0
0.26551867317623146,20,0,1,2,1
0.2785349315344847,14,0,1,1,0
0.25660577344922797,19,0,1,1,0
0.21335233541350532,2,0,0,2,1
0.32943726819292374,39,0,1,0,0
0.2696225258738036,7,0,0,2,1
0.21263239896345645,29,1,1,1,1
0.16669281699787664,31,1,0,2,1
0.2510413547153276,15,0,0,2,1
0.24707179663197743,20,0,1,0,0
0.21460223967724276,27,1,1,1,1
0.23549793758412302,26,0,0,0,0
0.16860609729200543,3,0,0,1,0
0.19195058953673627,4,0,0,0,0
0.21736810037222065,8,0,1,1,0
0.25815875099710883,18,0,1,0,0
0.2442335797865629,8,0,0,1,0
0.3138510209742922,11,0,1,1,0
0.18475231862714875,20,1,1,1,1
0.17012749570470664,20,1,0,1,1
0.21958828231643332,17,1,1,2,2
0.2802295169763348,21,0,0,0,0
0.31123917620075814,29,0,0,2,1
0.2768284276591474,19,0,0,1,0
0.21502080308633978,39,1,1,2,2
0.18497628743519187,8,0,1,0,0
0.317408225048588,22,0,1,2,1
0.21807601853333497,24,1,0,1,1
0.2220755639860695,20,1,0,0,1
0.21078928024814475,13,0,1,0,0
0.3032129553070605,34,0,1,0,0
0.32976947763604947,32,0,1,2,1
0.15003767991131636,26,1,1,1,1
0.24207165424038524,35,0,0,1,0
0.2260801097940819,29,1,0,1,1
0.2458140126206702,24,0,1,1,0
0.3336153104398301,22,0,1,0,0
0.20844364609237953,2,0,1,2,1
0.31098135536828775,19,0,0,2,1
0.27426889945070587,8,0,0,2,1
0.25653517735231096,18,0,0,1,0
0.1936886365766614,35,1,1,0,1
0.1983787656517678,32,1,1,0,1
0.3149069616174064,34,0,0,2,1
0.29604922941802914,3,0,0,1,0
0.28356093664528126,21,0,0,2,1
0.2752352343186276,15,0,0,1,0
0.30891565574003804,29,0,1,2,1
0.20355533509766682,20,1,0,0,1
0.16272818185732846,19,1,0,2,1
0.24767492579658773,8,0,0,0,0
0.2838400525876157,16,0,1,0,0
0.15502839165545454,22,1,0,1,1
0.23691919217174234,14,0,0,2,1
0.3285046579909692,28,0,1,0,0
0.27626151061839777,19,0,0,0,0
0.2779211122355364,6,0,1,1,0
0.3073500670308874,2,0,1,1,0
0.20431375295020796,26,1,0,0,1
0.25125321189904054,22,0,1,1,0
0.3282960031247013,17,0,0,0,0
0.24449867100130268,25,0,0,2,1
0.20536286155826114,0,0,0,0,0
0.24459426921910202,34,0,1,1,0
0.2721560142151536,19,0,1,0,0
0.25331452568919577,37,0,0,1,0
0.1598993706987333,7,0,0,0,0
0.2177721298677503,20,1,0,0,1
0.19370196687082605,8,0,1,0,0
0.20691246035257949,16,1,1,0,1
0.2190446285603384,38,1,0,0,1
0.15593364461294795,10,0,1,2,1
0.24011940379662677,0,0,1,2,1
0.23220421505310915,7,0,0,0,0
0.20163465083823384,32,1,0,1,1
0.34101210229699774,4,0,1,0,0
0.27728027403668143,22,0,1,0,0
0.31591751137305,19,0,1,1,0
0.172897527613181,29,1,0,2,1
0.2825329026118711,36,0,0,2,1
0.23378955803749507,19,0,0,0,0
0.23084794592884184,14,0,0,2,1
0.23253506521667933,28,0,0,1,0
0.22238399816757298,10,0,0,1,0
0.25043072199239735,8,0,0,2,1
0.324739718693269,19,0,1,2,1
0.2981962500549157,28,0,1,2,1
0.25679349450955274,39,0,1,0,0
0.28897647473519184,11,0,0,2,1
0.2472000987595206,14,0,1,0,0
0.1746006590247491,30,1,0,2,1
0.3133446405117089,37,0,1,0,0
0.28849856533384505,17,0,1,2,1
0.16552292894628817,8,0,0,1,0
0.30779703198415864,33,0,1,2,1
0.2400246722363864,14,0,0,2,1
0.16977472352812706,10,0,1,1,0
0.22401046693485105,35,1,1,0,1
0.25516251977466475,33,0,1,0,0
0.27914810201912243,36,0,1,0,0
0.21917549214757148,19,1,0,0,1
0.25344787634286636,17,0,1,2,1
0.2181208333162583,30,1,0,1,1
0.26919776843669635,37,0,1,0,0
0.25621706897704855,11,0,1,0,0
0.17105183703940247,4,0,1,2,1
0.25638254130485266,3,0,1,2,1
0.191772814141148,26,1,1,2,2
0.15467041926563718,14,0,0,1,0
0.17600955650222772,36,1,1,0,1
0.24480128569663118,5,0,1,1,0
0.3153414719482975,28,0,0,2,1
0.34222709708151855,16,0,0,1,0
0.258281521469517,36,0,0,0,0
0.2564515062297952,21,0,0,2,1
0.3177098429805656,2,0,1,1,0
0.2018669794634189,20,1,1,2,2
0.20404953842615664,10,0,0,2,1
0.18304841008852063,23,1,0,2,1
0.1801042983326827,33,1,0,2,1
0.3064776658920174,34,0,1,1,0
0.274681191631888,23,0,1,2,1
0.19026242156448664,20,1,1,0,1
0.2451092074973653,35,0,1,2,1
0.1764744758069945,26,1,0,1,1
0.29442864709118116,11,0,1,0,0
0.2991720077254024,38,0,1,0,0
0.3088421325098811,19,0,0,1,0
0.156892251885,5,0,0,2,1
0.24253512101307867,31,0,1,2,1
0.21048949565787597,35,1,1,2,2
0.19064461821721745,23,1,0,2,1
0.2711510606278113,16,0,0,0,0
0.34614786871668585,17,0,1,2,1
0.27042339707095586,3,0,0,0,0
0.24529667675565853,8,0,1,0,0
0.23782996332674966,32,0,1,2,1
0.2123798160008561,2,0,0,0,0
0.2520864978008464,30,0,0,1,0
0.2453686936635634,28,0,1,2,1
0.3244096676894015,9,0,1,1,0
0.27889405542420675,11,0,1,0,0
0.2057519744829106,29,1,0,1,1
0.15177265702269377,18,1,1,1,1
0.3156938598898234,6,0,1,2,1
0.15883238723556625,35,1,0,0,1
0.29809522639070385,36,0,0,0,0
0.31438532718798595,8,0,0,0,0
0.31918428793554643,1,0,0,2,1
0.24752556193344216,13,0,1,1,0
0.15489968965353046,10,0,0,2,1
0.27641796590124845,12,0,0,1,0
0.1512177496479678,18,1,0,1,1
0.20991313559077476,39,1,0,2,1
0.3184148874797158,15,0,1,1,0
0.1645803670735807,12,0,1,2,1
0.19222249423322724,33,1,0,2,1
0.3106965486593769,13,0,1,1,0
0.20323360250310749,28,1,0,0,1
0.31844614926878956,16,0,0,1,0
0.34579622303496177,20,0,0,0,0
0.23322428561421846,24,0,1,2,1
0.3277318160530797,22,0,1,1,0
0.2407893696216714,35,0,1,1,0
0.1643551612453026,31,1,1,1,1
0.24263454335026835,23,0,0,1,0
0.2626577861907629,3,0,0,2,1
0.30506923008062714,17,0,1,2,1
0.18172482890527558,33,1,1,1,1
0.29434431054343585,11,0,0,2,1
0.17054965049048465,28,1,1,1,1
0.2052339115641799,37,1,0,2,1
0.2666533035626091,7,0,0,1,0
0.19936477384038043,28,1,1,2,2
0.31534293198620367,18,0,0,2,1
0.3233095963498174,3,0,1,1,0
0.3283744289621469,12,0,0,0,0
0.2254627322812647,11,0,0,0,0
0.17320453626963384,22,1,1,0,1
0.2275297610911294,26,1,0,2,1
0.1508726539300618,22,1,0,0,1
0.32510224531052323,36,0,0,2,1
0.34015454154626756,24,0,1,0,0
0.17107298445017127,18,1,0,0,1
0.15963720247865923,36,1,1,2,2
0.2500802291420402,34,0,0,1,0
0.2768848290573167,34,0,1,0,0
0.16047100403749448,12,0,1,0,0
0.31443597736328466,30,0,1,0,0
0.28147069643402567,10,0,1,1,0
0.1931481358352908,22,1,0,0,1
0.20906029551436656,23,1,1,2,2
0.17514485379844524,2,0,1,1,0
0.2789665208044627,20,0,1,1,0
0.1898430549788106,35,1,0,2,1
0.22355719755123057,9,0,0,2,1
0.31709604514843887,12,0,0,1,0
0.21746910935381852,21,1,0,1,1
0.23272853498372703,24,0,0,2,1
0.21604855586728106,11,0,1,0,0
0.24281903189070075,35,0,1,1,0
0.28550845349179066,19,0,0,2,1
0.193961069764638,27,1,1,2,2
0.26507108065031115,29,0,0,1,0
0.1863478381418926,6,0,1,0,0
0.2183607410984365,6,0,1,0,0
0.22434785898126605,15,0,1,2,1
0.28260146922835516,12,0,0,2,1
0.28511601839005196,31,0,0,0,0
0.27122931298669595,7,0,0,1,0
0.18046555713253576,39,1,0,0,1
0.19564707269873982,33,1,1,0,1
0.2994888813193388,22,0,1,1,0
0.2664417519536462,39,0,0,2,1
0.30703790862968167,31,0,1,1,0
0.2789182349484687,31,0,1,1,0
0.22313614965227424,25,1,1,2,2
0.17816058977853522,25,1,0,1,1
0.21302940782651064,18,1,0,0,1
0.31222475398669414,39,0,1,2,1
0.18277620475609643,10,0,0,0,0
0.2190384416988421,37,1,1,1,1
0.24399765363158732,30,0,0,1,0
0.16244064523294055,4,0,1,0,0
0.23953468508208364,32,0,1,1,0
0.25593194478912396,14,0,1,0,0
0.3398142392629688,4,0,1,1,0
0.33573205740297657,17,0,1,1,0
0.1860615870845556,30,1,1,2,2
0.18314995596403116,28,1,1,0,1
0.15999580573193575,32,1,0,2,1
0.3086285747993479,10,0,0,1,0
0.1717786627962078,3,0,0,2,1
0.34622874635836437,11,0,0,0,0
0.23739917713312414,18,0,0,2,1
0.19279140773764736,17,1,1,1,1
0.1880215299567455,28,1,0,0,1
0.33874031856404413,15,0,1,1,0
0.30146204142688776,12,0,1,1,0
0.2936662350744008,29,0,0,2,1
0.2833200958093238,19,0,1,1,0
0.3043253821957215,21,0,1,0,0
0.31708156616842514,35,0,0,1,0
0.31095062439793897,20,0,1,1,0
0.21433399793190971,1,0,0,2,1
0.20076421563133895,26,1,0,0,1
0.2461780293206018,12,0,0,1,0
0.330276619328387,26,0,1,2,1
0.24893503791825666,24,0,0,2,1
0.22434481328046862,19,1,1,0,1
0.15652358966831328,34,1,0,2,1
0.26542451720766413,13,0,0,1,0
0.34848845787495575,28,0,1,0,0
0.22171569230497462,3,0,0,1,0
0.3304472806924476,25,0,0,2,1
0.2511915815469863,10,0,0,0,0
0.19573888188007293,0,0,0,1,0
0.32335407090120005,28,0,1,0,0
0.2938319793889138,20,0,0,1,0
0.31793193114175805,6,0,0,2,1
0.33929130263008106,39,0,0,0,0
0.30262167272026164,22,0,1,2,1
0.2589011538098456,28,0,1,0,0
0.20913893480832083,38,1,1,1,1
0.16423165703468656,3,0,1,2,1
0.32589931414562523,0,0,0,2,1
0.3121757162015837,39,0,0,0,0
0.29534984483363935,28,0,1,1,0
0.31495757125555734,33,0,0,0,0
0.25781891054720174,22,0,0,0,0
0.22836479265669998,5,0,0,0,0
0.34461563259446654,6,0,0,1,0
0.15201812133780493,19,1,0,2,1
0.1603801887174618,3,0,1,1,0
0.29634494731284255,35,0,0,0,0
0.3196850758181049,22,0,1,1,0
0.3292081599314438,36,0,0,2,1
0.20428771552684002,35,1,0,1,1
0.22863904020558445,20,1,1,0,1
0.22613793623217315,30,1,1,1,1
0.15413427377838088,33,1,0,1,1
0.2667545561028223,10,0,1,1,0
0.2463734958549233,16,0,1,2,1
0.29288483281424843,20,0,0,1,0
0.3061463706401802,24,0,0,0,0
0.3365849725139344,23,0,1,2,1
0.29286532714699953,5,0,0,2,1
0.28891908545065703,38,0,0,1,0
0.21892081688951193,33,1,0,0,1
0.18904812059129839,12,0,1,1,0
0.28302923884768105,2,0,0,2,1
0.3029438282952558,0,0,0,2,1
0.24650008404707213,35,0,1,1,0
0.15321237299620122,34,1,1,1,1
0.29073995592581015,13,0,1,0,0
0.16950286512817947,23,1,0,0,1
0.31342562840311705,32,0,0,2,1
0.23591918871521292,4,0,0,1,0
0.1736984717536801,34,1,0,2,1
0.3258682040353056,24,0,1,2,1
0.21195757184181985,22,1,1,1,1
0.2845405988417796,36,0,1,2,1
0.21257263217102598,2,0,1,2,1
0.3312174120962521,17,0,1,0,0
0.2597717330154712,10,0,0,2,1
0.23233109209134048,5,0,0,0,0
0.2965398101180561,13,0,0,1,0
0.19942631093227836,32,1,1,1,1
0.2365533759198525,18,0,1,0,0
0.16442221858588704,29,1,0,2,1
0.3388897165388607,12,0,1,1,0
0.29669734929842073,22,0,1,2,1
0.233666772820456,28,0,1,0,0
0.2150507811849104,9,0,0,0,0
0.15229613194987557,28,1,1,0,1
0.17062427248161516,4,0,1,1,0
0.261099084821172,17,0,1,0,0
0.19088811478990936,11,0,0,2,1
0.2710965338428809,33,0,0,2,1
0.20370675121352144,23,1,1,1,1
0.3437074663399784,38,0,0,0,0
0.33510444157037617,19,0,0,0,0
0.16841339721649506,18,1,1,2,2
0.2797009640237376,29,0,0,1,0
0.29075846219810153,5,0,0,2,1
0.2852052576105095,32,0,1,1,0
0.21258147884272963,35,1,0,1,1
0.32321912672233827,0,0,0,1,0
0.23981694900218933,14,0,0,1,0
0.3378114191934374,20,0,0,1,0
0.2750409539060884,29,0,0,0,0
0.2316303381733396,3,0,0,0,0
0.25839801497795317,18,0,0,1,0
0.22980706352848693,31,1,1,1,1
0.34540139088778865,16,0,1,1,0
0.2985649949812632,34,0,1,2,1
0.16686026292227008,24,1,1,2,2
0.2017423284310882,28,1,0,0,1
0.23767699600615225,18,0,1,0,0
0.2593751931752089,19,0,0,2,1
0.18985406729336016,22,1,0,2,1
0.1559008110290412,32,1,0,1,1
0.2041612656073945,33,1,1,2,2
0.24178810331936407,2,0,1,1,0
0.26941915403734396,15,0,1,1,0
0.3402981420353574,9,0,1,1,0
0.22665684792844026,35,1,0,2,1
0.2588507932227395,2,0,1,1,0
0.2985762987335878,26,0,1,2,1
0.30414850618111033,16,0,0,0,0
0.26688978195148516,24,0,0,0,0
0.32303866947956217,32,0,1,0,0
0.28329260950536717,20,0,1,0,0
0.324744584036445,37,0,1,1,0
0.2798644649153763,36,0,0,1,0
0.31494864746940154,21,0,1,2,1
0.2697690800158878,12,0,1,1,0
0.25052624852602606,23,0,1,2,1
0.20620761627620565,2,0,1,1,0
0.28103474290486763,0,0,1,1,0
0.17237612330982477,28,1,0,0,1
0.18712934098024858,20,1,1,2,2
0.2941131097288812,19,0,0,2,1
0.3111689065235666,0,0,1,2,1
0.2530011319419446,22,0,0,0,0
0.29850616656808426,23,0,0,0,0
0.21155916633614913,31,1,0,0,1
0.21534850840600817,38,1,1,0,1
0.21372179255272142,8,0,1,2,1
0.3157742552505917,38,0,1,0,0
0.3217633542336309,22,0,0,2,1
0.24236869625502205,29,0,0,2,1
0.27210935100308487,28,0,0,0,0
0.23221872177608793,31,0,1,2,1
0.24787528979413403,16,0,0,0,0
0.293747923570706,5,0,1,1,0
0.2093573364039701,32,1,1,0,1
0.23284018511436605,31,0,1,2,1
0.19830736834033635,9,0,0,2,1
0.19447226094963405,8,0,1,2,1
0.1990704628332422,18,1,1,2,2
0.2998780905602318,23,0,1,2,1
0.2613756886344192,32,0,1,0,0
0.25818100076761613,9,0,1,2,1
0.3007189261491506,28,0,1,1,0
0.23239161900682037,0,0,1,0,0
0.25650081328319635,12,0,1,0,0
0.2491407500463782,28,0,0,1,0
0.252456951448697,12,0,0,1,0
0.3291349555237557,6,0,1,0,0
0.3402884057451362,0,0,0,1,0
0.30855162271456255,24,0,0,0,0
0.23162381136518462,28,0,0,2,1
0.2877263258615751,15,0,0,1,0
0.2946887324709824,0,0,0,0,0
0.3248341364314052,6,0,1,0,0
0.1866884392806869,1,0,0,0,0
0.2468688852583017,10,0,0,1,0
0.22756521798338625,39,1,1,2,2
0.20617639303724875,1,0,1,1,0
0.24585201798290748,39,0,1,2,1
0.16331294558284457,17,1,1,0,1
0.3107629090386893,14,0,1,0,0
0.2618118569893204,28,0,0,2,1
0.16400070242661316,13,0,1,2,1
0.29132685269351927,3,0,0,2,1
0.28134589694432155,31,0,0,1,0
0.1935334799161072,8,0,1,2,1
0.31089892848636447,14,0,1,0,0
0.2662030186750219,8,0,1,1,0
0.3063919954315918,38,0,1,1,0
0.30170037618327816,34,0,0,2,1
0.2740947570103941,28,0,0,2,1
0.2824967893883216,27,0,1,0,0
0.18173577473793698,15,0,0,2,1
0.2694310611980604,25,0,1,1,0
0.26576135090238806,21,0,1,1,0
0.211380902638914,12,0,0,1,0
0.2272423985634061,39,1,0,0,1
0.1983001255985667,1,0,1,1,0
0.3315677027767068,10,0,0,0,0
0.26693361803316495,11,0,0,1,0
0.24015525677727273,31,0,0,1,0
0.2884717844922116,2,0,1,2,1
0.27727485630667487,0,0,1,0,0
0.31518354146320604,20,0,1,1,0
0.19374312259958545,35,1,0,1,1
0.16262805858547827,14,0,0,2,1
0.3466611313636935,23,0,1,1,0
0.2897897656974771,11,0,0,0,0
0.242798026292885,21,0,1,0,0
0.32583715452024953,34,0,0,0,0
0.27600797569599644,5,0,0,1,0
0.32762363778680714,39,0,0,0,0
0.2372839197459186,12,0,1,1,0
0.3189742695510458,10,0,0,1,0
0.29136757115610823,37,0,1,2,1
0.3497785224066581,30,0,0,0,0
0.3216046542014458,26,0,0,2,1
0.15807016537193994,12,0,0,2,1
0.15448517783241103,20,1,0,1,1
0.26323613824501413,34,0,1,1,0
0.1534299563830396,23,1,1,0,1
0.302460524900192,31,0,0,2,1
0.2523271435790154,34,0,0,0,0
0.3228866493736728,9,0,0,0,0
0.16386566607755296,28,1,0,2,1
0.23845876109022704,9,0,0,2,1
0.2657680336071185,18,0,0,2,1
0.33582790400309254,27,0,0,2,1
0.19232717971397223,20,1,1,1,1
0.27990178594148946,19,0,1,0,0
0.25080075271926516,31,0,0,0,0
0.28495726043348213,17,0,1,2,1
0.33500943506860287,4,0,0,0,0
0.27885134473016226,24,0,0,1,0
0.20505764269037202,18,1,0,2,1
0.2698604232278875,14,0,1,1,0
0.24103439834673127,16,0,0,1,0
0.1839456857153846,19,1,1,0,1
0.2719394850305232,14,0,1,1,0
0.2871401085867288,37,0,0,1,0
0.230377439978146,12,0,1,0,0
0.31675839018376545,1,0,1,1,0
0.26663816085541947,7,0,1,2,1
0.1603978703955415,7,0,0,1,0
0.16691307561944757,19,1,1,2,2
0.3265829633037444,6,0,1,0,0
0.34523739499761674,26,0,0,2,1
0.20730390978542457,8,0,0,2,1
0.15600520106587856,16,1,0,2,1
0.3446765238329642,7,0,0,2,1
0.30518230656146117,19,0,1,2,1
0.2370787292351471,11,0,0,0,0
0.32050948424919407,29,0,0,2,1
0.2603754272842371,33,0,1,2,1
0.19215862031000572,33,1,0,1,1
0.2037124334907285,9,0,1,2,1
0.17945511271041817,2,0,0,1,0
0.18320436472857216,7,0,1,2,1
0.30965863944183736,7,0,0,1,0
0.15410416294586504,9,0,0,0,0
0.22073933731614678,12,0,1,0,0
0.18402308346185628,3,0,0,1,0
0.2185290293045043,23,1,0,2,1
0.16971658540448245,30,1,0,2,1
0.2626816728967708,31,0,1,0,0
0.24569922325119237,9,0,1,1,0
0.21233796570300828,22,1,0,0,1
0.2419168114427246,30,0,1,0,0
0.29303729095604825,33,0,0,1,0
0.2950012152598237,17,0,0,0,0
0.3224405947316377,14,0,0,2,1
0.1752712962629021,12,0,0,0,0
0.33808384146014936,25,0,0,0,0
0.24787850748131773,15,0,0,2,1
0.2619157708930684,37,0,0,2,1
0.17340234497158924,17,1,1,2,2
0.2897061250418274,24,0,1,1,0
0.33065960287514207,16,0,0,0,0
0.25202967609126464,12,0,0,1,0
0.3239212164949555,3,0,1,2,1
0.3364645516457755,12,0,1,2,1
0.17824470867462988,37,1,1,0,1
0.20572861262300726,27,1,0,0,1
0.23131135676162085,15,0,1,0,0
0.26532280142594356,7,0,1,0,0
0.3071286207058255,31,0,0,1,0
0.22347814573941407,11,0,0,2,1
0.31902417029920693,4,0,1,0,0
0.15504746916965284,30,1,1,0,1
0.32481435466103703,38,0,0,1,0
0.3003352344045839,19,0,1,0,0
0.19641114794023118,35,1,0,0,1
0.22024387746975616,16,1,1,1,1
0.19741694170346802,26,1,0,2,1
0.20829218269875877,7,0,0,1,0
0.3071625290936746,12,0,0,0,0
0.24325988258796374,24,0,0,2,1
0.24745307082001014,17,0,0,0,0
0.29081665426426784,12,0,1,1,0
0.22957314060348544,29,1,1,0,1
0.2848799303627963,29,0,0,2,1
0.27932008878973236,18,0,1,2,1
0.33212114344288435,9,0,1,2,1
0.17468016304111927,29,1,0,0,1
0.23763572264966887,0,0,1,2,1
0.3007468140856009,15,0,0,2,1
0.24313650835245587,13,0,0,0,0
0.1878278200045969,26,1,1,0,1
0.2721541461370077,10,0,0,2,1
0.28030313666577844,32,0,1,1,0
0.2854786259777745,20,0,1,2,1
0.3354710361172594,21,0,1,1,0
0.1538310971102506,7,0,0,0,0
0.19688512000230293,10,0,1,0,0
0.21644111418946432,1,0,0,2,1
0.2774189401648885,16,0,1,2,1
0.18846197920672547,27,1,1,1,1
0.33943229258004953,3,0,1,1,0
0.33258620095493796,35,0,1,0,0
0.1520568991871384,31,1,0,0,1
0.2193771952728771,18,1,1,2,2
0.17845104795536307,27,1,0,1,1
0.21867734043552883,39,1,0,2,1
0.3469691487934188,23,0,1,1,0
0.3357261124230788,26,0,0,2,1
0.18255819784124586,11,0,0,2,1
0.34361527629014665,24,0,0,1,0
0.1878786835769692,23,1,1,1,1
0.28238272652740226,25,0,1,1,0
0.1854385002022382,23,1,0,2,1
0.30140962293972506,15,0,0,2,1
0.24247823538250812,25,0,0,1,0
0.32122649980274864,19,0,1,2,1
0.20901446985286187,0,0,1,0,0
0.29594238129948447,2,0,1,0,0
0.23599152395596434,21,0,0,1,0
0.24716348578252628,37,0,0,2,1
0.3399799336492152,14,0,1,0,0
0.18288110581577574,4,0,1,0,0
0.15904983780377757,22,1,1,2,2
0.3363109828618962,27,0,0,1,0
0.254628604139433,2,0,1,1,0
0.2621159618002097,7,0,0,2,1
0.310196140080673,4,0,1,0,0
0.16513222078082215,36,1,1,2,2
0.3461136454121447,28,0,0,0,0
0.32913959263987447,1,0,0,2,1
0.28174352774540445,27,0,1,2,1
0.1845047753892724,7,0,0,0,0
0.19924883219412,27,1,1,1,1
0.20193416779008277,30,1,1,0,1
0.19801414809751328,33,1,0,2,1
0.1605530515719205,11,0,0,2,1
0.19365197453874589,36,1,0,0,1
0.20057162365002223,20,1,0,0,1
0.16528797220788952,34,1,0,1,1
0.31114290513364357,16,0,1,1,0
0.18120716226799538,37,1,0,1,1
0.33257848894731507,34,0,1,1,0
0.22619825473367997,14,0,1,0,0
0.22692221519575362,30,1,0,2,1
0.15335126089847648,4,0,1,1,0
0.28677329036706867,24,0,1,1,0
0.3374217889839354,25,0,1,1,0
0.1822437623950245,17,1,1,0,1
0.3356203671019573,13,0,0,2,1
0.23353339916339894,14,0,0,2,1
0.3376964316428309,34,0,0,2,1
0.22093324099701656,35,1,0,1,1
0.31672880209503446,39,0,1,0,0
0.23763534333327102,6,0,0,1,0
0.17117486364262585,31,1,1,0,1
0.2563322047528966,13,0,0,2,1
0.22905186308623154,3,0,1,2,1
0.1558310372044178,15,0,1,0,0
0.1940177353742773,31,1,0,1,1
0.261408102655007,7,0,1,2,1
0.29629727194062316,8,0,0,0,0
0.3172996981236067,6,0,1,2,1
0.22592335289033405,15,0,0,1,0
0.30047957646075757,17,0,1,0,0
0.306192772728887,38,0,1,1,0
0.3148943035209098,22,0,0,1,0
0.2580593063580614,3,0,0,2,1
0.25009546317334364,17,0,0,1,0
0.2528190885102519,36,0,1,1,0
0.21504223925524224,2,0,1,2,1
0.292569199172191,31,0,1,2,1
0.229031059494461,18,1,0,1,1
0.314085364051804,34,0,1,0,0
0.23004245516993438,10,0,0,2,1
0.30603785369659897,8,0,1,2,1
0.24193016393191447,17,0,0,2,1
0.33770595669462605,22,0,1,2,1
0.32742386344473967,4,0,0,2,1
0.23343868371291526,27,0,1,0,0
0.26308399352154843,24,0,1,1,0
0.29484650952238983,29,0,0,2,1
0.15331849612651957,13,0,0,1,0
0.16536148821385624,10,0,0,0,0
0.3169894411388807,6,0,0,0,0
0.19629504275305962,1,0,1,0,0
0.23392547656136203,10,0,1,0,0
0.15193737654819353,34,1,0,2,1
0.26665047846251133,5,0,0,2,1
0.2112865645406743,11,0,1,0,0
0.2632430031505233,1,0,1,2,1
0.2570735882363302,14,0,0,2,1
0.17639306392479234,39,1,1,0,1
0.31647270793219895,16,0,0,0,0
0.21351091597390034,35,1,0,0,1
0.16798324897194045,35,1,1,1,1
0.21749085579284577,11,0,0,1,0
0.2059491935538142,13,0,1,2,1
0.16025876979624312,36,1,0,2,1
0.24687823712016982,18,0,0,1,0
0.19171767354821012,36,1,0,2,1
0.18077998093875472,19,1,0,1,1
0.21931175196330951,1,0,1,1,0
0.16133608643316708,35,1,1,0,1
0.21750649317676377,33,1,0,2,1
0.2783008962512503,28,0,1,1,0
0.2174621908302455,35,1,0,2,1
0.17222742946640246,37,1,1,2,2
0.3081041020543347,19,0,0,1,0
0.22939843244149483,19,1,0,1,1
0.25703046673607005,21,0,1,0,0
0.3479512826818669,12,0,1,0,0
0.18124030158611984,6,0,1,2,1
0.18381235568794324,30,1,1,2,2
0.26556141005021694,30,0,0,2,1
0.2435362424969754,1,0,0,1,0
0.2354972908180536,23,0,0,1,0
0.15470649888281976,30,1,0,0,1
0.17583488904862207,20,1,1,2,2
0.15324007946789345,11,0,0,0,0
0.32798267527257247,27,0,1,0,0
0.28041861237633015,6,0,1,1,0
0.32311247663444065,18,0,1,2,1
0.34583031102012307,10,0,0,2,1
0.21486587547030359,26,1,0,1,1
0.27063002402458936,15,0,1,1,0
0.23581247386053317,37,0,1,0,0
0.15367722843031945,9,0,1,1,0
0.1966665645298653,12,0,1,0,0
0.2804470706264881,36,0,1,0,0
0.2711993934542051,19,0,1,2,1
0.17268816342078333,15,0,1,1,0
0.2688283725512915,11,0,1,0,0
0.2430673867878972,8,0,1,0,0
0.2017183182269568,19,1,0,1,1
0.2352796713603245,35,0,1,1,0
0.2091864058873232,30,1,0,1,1
0.2295768351114046,14,0,1,0,0
0.26537624026224166,38,0,1,0,0
0.16387881718083666,13,0,0,1,0
0.17549713602804923,33,1,1,1,1
0.23131810747189444,5,0,1,0,0
0.20867068428820196,13,0,0,0,0
0.33005282224041405,24,0,1,0,0
0.3175061668152111,19,0,1,1,0
0.2091648194993072,31,1,0,2,1
0.16633345517201925,4,0,1,0,0
0.27674231995310583,13,0,0,2,1
0.15849398185130661,11,0,1,0,0
0.2830111978013262,13,0,0,2,1
0.17525422742154637,14,0,1,0,0
0.3163036666224447,33,0,0,0,0
0.32885302365128277,22,0,1,2,1
0.2097565742108503,32,1,0,2,1
0.21454531454532766,27,1,0,1,1
0.15257949395790507,22,1,1,0,1
0.34152632925451754,34,0,0,0,0
0.26062239421167427,24,0,0,1,0
0.2832535722958077,4,0,1,2,1
0.19805982469007333,0,0,1,2,1
0.16620772209301135,38,1,0,1,1
0.2388207113813237,28,0,1,1,0
0.16316235213811528,19,1,1,2,2
0.3124947642088343,0,0,0,1,0
0.2845014525347298,5,0,1,0,0
0.2889307545620351,32,0,0,2,1
0.2833234169758745,11,0,1,0,0
0.2013486992619516,38,1,1,2,2
0.24999179839295765,37,0,0,0,0
0.3060695725480317,12,0,1,0,0
0.20690827713538673,21,1,0,2,1
0.19520663935773042,7,0,1,1,0
0.1716089118752814,25,1,0,2,1
0.2055690326413131,8,0,1,2,1
0.31648343668205053,11,0,0,2,1
0.16333877628108975,10,0,1,1,0
0.31401350041112985,37,0,1,2,1
0.20435730321602583,5,0,1,1,0
0.2805899316275684,27,0,0,2,1
0.3119848840605799,6,0,0,2,1
0.2432363182255114,24,0,1,1,0
0.30408944421479794,11,0,0,2,1
0.3322678380157261,23,0,1,0,0
0.34503599519510164,3,0,0,0,0
0.28522100516287036,10,0,1,1,0
0.26009435542058806,22,0,1,2,1
0.34386436245683577,25,0,0,1,0
0.24334561875359006,32,0,1,1,0
0.18238460132644274,29,1,1,0,1
0.17126745946964542,29,1,1,0,1
0.32453101443521104,24,0,0,1,0
0.22745488228496824,37,1,1,2,2
0.2329920872159361,6,0,1,0,0
0.3409131857717621,9,0,1,0,0
0.2703613467890894,37,0,0,0,0
0.17536480451008374,33,1,1,0,1
0.2739937129748328,25,0,1,0,0
0.15839281468872685,8,0,0,2,1
0.1732955699346674,23,1,0,1,1
0.2559940682042841,26,0,1,1,0
0.17967206745790334,27,1,1,0,1
0.178693891403604,30,1,1,0,1
0.16612308103392034,25,1,1,2,2
0.2504981753653864,29,0,1,1,0
0.24536777554662487,11,0,1,1,0
0.21139445644180363,6,0,0,0,0
0.21461994033326745,25,1,0,1,1
0.1854307046445251,5,0,1,1,0
0.24390373306912672,17,0,0,1,0
0.33718744964971187,32,0,1,0,0
0.30718505524178263,29,0,0,2,1
0.3465042544512077,20,0,1,2,1
0.1953381304149847,14,0,1,2,1
0.226190369004695,17,1,0,2,1
0.33048065522213493,37,0,0,1,0
0.23851546918656308,30,0,1,2,1
0.31526816219003734,17,0,1,0,0
0.2507093963023772,23,0,1,1,0
0.3151864617100032,5,0,1,0,0
0.2390773051955744,20,0,0,2,1
0.3415891719852275,13,0,0,2,1
0.27513015788545525,8,0,1,0,0
0.31392191061316,4,0,0,0,0
0.3027384538700641,31,0,0,1,0
0.25859962652105384,14,0,0,0,0
0.1524682092120748,2,0,0,1,0
0.19045878983164072,14,0,0,1,0
0.22702052056460592,37,1,0,0,1
0.246658856993265,7,0,1,2,1
0.18883257380921645,3,0,0,0,0
0.15516187857263633,7,0,0,0,0
0.34891639780705197,8,0,1,1,0
0.34195820408097,6,0,0,2,1
0.15881317231407627,21,1,1,0,1
0.2791144362854856,0,0,1,2,1
0.26784292286957107,7,0,1,0,0
0.1654375060452936,11,0,0,0,0
0.30929687786591614,13,0,0,0,0
0.1618211641751309,5,0,0,0,0
0.33979613340940024,17,0,1,0,0
0.16822812788893549,27,1,1,2,2
0.15083748872559158,27,1,0,2,1
0.30319431497103577,8,0,1,0,0
0.15444369640511607,33,1,1,2,2
0.343560547529697,5,0,1,2,1
0.22862942589880303,12,0,0,0,0
0.1601949754044885,17,1,0,1,1
0.28550916103675517,11,0,0,0,0
0.20612016264758318,10,0,0,2,1
0.21498455888132825,25,1,1,1,1
0.31612455208635826,23,0,0,0,0
0.2319345738585038,21,0,0,1,0
0.18895469953744515,11,0,0,2,1
0.22442404304833974,27,1,0,0,1
0.1862451122099419,36,1,1,2,2
